-- Adminer 4.2.4 SQLite 3 dump


INSERT INTO "dbver" ("ID", "CurrVer", "appver") VALUES (1,	'1.18',	'2.56');

INSERT INTO "size_type" ("ID", "Desc") VALUES (1,	'Fibonacci-');
INSERT INTO "size_type" ("ID", "Desc") VALUES (2,	'Mod. Fibonacci');
INSERT INTO "size_type" ("ID", "Desc") VALUES (3,	'Simplified ');
INSERT INTO "size_type" ("ID", "Desc") VALUES (4,	'Natural');
INSERT INTO "size_type" ("ID", "Desc") VALUES (5,	'Binary');

INSERT INTO "size" ("ID", "Type", "Order", "Value") VALUES (1,	1,	'0',	'?');
INSERT INTO "size" ("ID", "Type", "Order", "Value") VALUES (2,	1,	1,	'1');
INSERT INTO "size" ("ID", "Type", "Order", "Value") VALUES (3,	1,	2,	'2');
INSERT INTO "size" ("ID", "Type", "Order", "Value") VALUES (4,	1,	3,	'3');
INSERT INTO "size" ("ID", "Type", "Order", "Value") VALUES (5,	1,	4,	'5');
INSERT INTO "size" ("ID", "Type", "Order", "Value") VALUES (6,	1,	5,	'8');
INSERT INTO "size" ("ID", "Type", "Order", "Value") VALUES (7,	1,	6,	'13');
INSERT INTO "size" ("ID", "Type", "Order", "Value") VALUES (8,	1,	7,	'21');
INSERT INTO "size" ("ID", "Type", "Order", "Value") VALUES (9,	1,	8,	'34');
INSERT INTO "size" ("ID", "Type", "Order", "Value") VALUES (10,	1,	9,	'55');
INSERT INTO "size" ("ID", "Type", "Order", "Value") VALUES (11,	1,	10,	'89');
INSERT INTO "size" ("ID", "Type", "Order", "Value") VALUES (12,	1,	11,	'114');
INSERT INTO "size" ("ID", "Type", "Order", "Value") VALUES (13,	1,	999,	'Inf');
INSERT INTO "size" ("ID", "Type", "Order", "Value") VALUES (25,	2,	'0',	'?');
INSERT INTO "size" ("ID", "Type", "Order", "Value") VALUES (26,	2,	1,	'0');
INSERT INTO "size" ("ID", "Type", "Order", "Value") VALUES (27,	2,	2,	'1');
INSERT INTO "size" ("ID", "Type", "Order", "Value") VALUES (28,	2,	3,	'2');
INSERT INTO "size" ("ID", "Type", "Order", "Value") VALUES (29,	2,	4,	'3');
INSERT INTO "size" ("ID", "Type", "Order", "Value") VALUES (30,	2,	5,	'5');
INSERT INTO "size" ("ID", "Type", "Order", "Value") VALUES (31,	2,	6,	'8');
INSERT INTO "size" ("ID", "Type", "Order", "Value") VALUES (32,	2,	7,	'13');
INSERT INTO "size" ("ID", "Type", "Order", "Value") VALUES (33,	2,	8,	'20');
INSERT INTO "size" ("ID", "Type", "Order", "Value") VALUES (34,	2,	9,	'40');
INSERT INTO "size" ("ID", "Type", "Order", "Value") VALUES (35,	2,	10,	'100');
INSERT INTO "size" ("ID", "Type", "Order", "Value") VALUES (36,	2,	999,	'Inf');
INSERT INTO "size" ("ID", "Type", "Order", "Value") VALUES (37,	3,	'0',	'?');
INSERT INTO "size" ("ID", "Type", "Order", "Value") VALUES (38,	3,	1,	'0');
INSERT INTO "size" ("ID", "Type", "Order", "Value") VALUES (39,	3,	2,	'1');
INSERT INTO "size" ("ID", "Type", "Order", "Value") VALUES (40,	3,	3,	'2');
INSERT INTO "size" ("ID", "Type", "Order", "Value") VALUES (41,	3,	4,	'3');
INSERT INTO "size" ("ID", "Type", "Order", "Value") VALUES (42,	3,	5,	'4');
INSERT INTO "size" ("ID", "Type", "Order", "Value") VALUES (43,	3,	6,	'5');
INSERT INTO "size" ("ID", "Type", "Order", "Value") VALUES (45,	4,	'0',	'?');
INSERT INTO "size" ("ID", "Type", "Order", "Value") VALUES (46,	4,	1,	'0');
INSERT INTO "size" ("ID", "Type", "Order", "Value") VALUES (47,	4,	2,	'1');
INSERT INTO "size" ("ID", "Type", "Order", "Value") VALUES (48,	4,	3,	'2');
INSERT INTO "size" ("ID", "Type", "Order", "Value") VALUES (49,	4,	4,	'3');
INSERT INTO "size" ("ID", "Type", "Order", "Value") VALUES (50,	4,	5,	'4');
INSERT INTO "size" ("ID", "Type", "Order", "Value") VALUES (51,	4,	6,	'5');
INSERT INTO "size" ("ID", "Type", "Order", "Value") VALUES (52,	4,	7,	'6');
INSERT INTO "size" ("ID", "Type", "Order", "Value") VALUES (53,	4,	8,	'7');
INSERT INTO "size" ("ID", "Type", "Order", "Value") VALUES (54,	4,	9,	'8');
INSERT INTO "size" ("ID", "Type", "Order", "Value") VALUES (55,	4,	10,	'9');
INSERT INTO "size" ("ID", "Type", "Order", "Value") VALUES (56,	4,	11,	'10');
INSERT INTO "size" ("ID", "Type", "Order", "Value") VALUES (57,	4,	12,	'15');
INSERT INTO "size" ("ID", "Type", "Order", "Value") VALUES (58,	4,	13,	'25');
INSERT INTO "size" ("ID", "Type", "Order", "Value") VALUES (59,	4,	14,	'50');
INSERT INTO "size" ("ID", "Type", "Order", "Value") VALUES (60,	4,	15,	'100');
INSERT INTO "size" ("ID", "Type", "Order", "Value") VALUES (61,	4,	999,	'Inf');
INSERT INTO "size" ("ID", "Type", "Order", "Value") VALUES (62,	5,	'0',	'?');
INSERT INTO "size" ("ID", "Type", "Order", "Value") VALUES (63,	5,	1,	'0');
INSERT INTO "size" ("ID", "Type", "Order", "Value") VALUES (64,	5,	2,	'1');
INSERT INTO "size" ("ID", "Type", "Order", "Value") VALUES (65,	5,	3,	'2');
INSERT INTO "size" ("ID", "Type", "Order", "Value") VALUES (66,	5,	4,	'4');
INSERT INTO "size" ("ID", "Type", "Order", "Value") VALUES (67,	5,	5,	'8');
INSERT INTO "size" ("ID", "Type", "Order", "Value") VALUES (68,	5,	6,	'16');
INSERT INTO "size" ("ID", "Type", "Order", "Value") VALUES (69,	5,	7,	'32');
INSERT INTO "size" ("ID", "Type", "Order", "Value") VALUES (70,	5,	8,	'64');
INSERT INTO "size" ("ID", "Type", "Order", "Value") VALUES (71,	5,	9,	'128');
INSERT INTO "size" ("ID", "Type", "Order", "Value") VALUES (72,	5,	10,	'256');
INSERT INTO "size" ("ID", "Type", "Order", "Value") VALUES (73,	5,	999,	'Inf');


INSERT INTO "project" ("ID", "Points_Object_ID", "Comment_Object_ID", "Project_Size_ID", "Name", "Desc", "As_A", "Col_2", "Desc_1", "Desc_2", "Acceptance", "Enable_Tasks", "Backlog_ID", "Velocity", "Average_Size", "Category", "Archived") VALUES (1,	1,	NULL,	2,	'Template Project',	'Template Project used as source for Story Type\ as well as \Story Status\ and a few other bits &amp; bobs
== Do NOT Delete Me ==',	1,	'0',	'So That:',	'I Need:',	1,	'0',	1,	9,	6,	'_ Template',	1);


INSERT INTO "story_status" ("ID", "Project_ID", "Desc", "Policy", "Order", "RGB") VALUES (1,	1,	'Todo',	'Card created, No work started (possibly Sized)-',	1,	'D0D0D0');
INSERT INTO "story_status" ("ID", "Project_ID", "Desc", "Policy", "Order", "RGB") VALUES (2,	1,	'Ready to play',	'Sized, Understood and contains acceptance criteria.',	2,	'A0A0A0');
INSERT INTO "story_status" ("ID", "Project_ID", "Desc", "Policy", "Order", "RGB") VALUES (3,	1,	'',	NULL,	3,	'66CCFF');
INSERT INTO "story_status" ("ID", "Project_ID", "Desc", "Policy", "Order", "RGB") VALUES (4,	1,	'Doing',	'Tasked out, Development and unit test work in progress',	4,	'3399FF');
INSERT INTO "story_status" ("ID", "Project_ID", "Desc", "Policy", "Order", "RGB") VALUES (5,	1,	'',	NULL,	5,	'0066FF');
INSERT INTO "story_status" ("ID", "Project_ID", "Desc", "Policy", "Order", "RGB") VALUES (6,	1,	'',	NULL,	6,	'A066FF');
INSERT INTO "story_status" ("ID", "Project_ID", "Desc", "Policy", "Order", "RGB") VALUES (7,	1,	'',	NULL,	7,	'FFFF54');
INSERT INTO "story_status" ("ID", "Project_ID", "Desc", "Policy", "Order", "RGB") VALUES (8,	1,	'OK to Review',	'All unit and system tests passing, ready for review by PO/Truth',	8,	'FF7F05');
INSERT INTO "story_status" ("ID", "Project_ID", "Desc", "Policy", "Order", "RGB") VALUES (9,	1,	'',	'Work rejected. Review, revise & go back to in progress',	9,	'FF0000');
INSERT INTO "story_status" ("ID", "Project_ID", "Desc", "Policy", "Order", "RGB") VALUES (10,	1,	'Done',	'Accepted as per the current Definition of Done',	10,	'90FF50');

INSERT INTO "story_type" ("ID", "Project_ID", "Desc", "Order") VALUES (1,	1,	'Feature',	1);
INSERT INTO "story_type" ("ID", "Project_ID", "Desc", "Order") VALUES (2,	1,	'Chore',	2);
INSERT INTO "story_type" ("ID", "Project_ID", "Desc", "Order") VALUES (3,	1,	'Bug',	3);
INSERT INTO "story_type" ("ID", "Project_ID", "Desc", "Order") VALUES (4,	1,	'Debt',	4);

INSERT INTO "iteration" ("ID", "Locked", "Project_ID", "Name", "Points_Object_ID", "Comment_Object_ID", "Objective", "Start_Date", "End_Date") VALUES (1,	'0',	1,	'Backlog',	2,	1155508250,	'',	'2012-12-31',	'2199-12-31');
INSERT INTO "iteration" ("ID", "Locked", "Project_ID", "Name", "Points_Object_ID", "Comment_Object_ID", "Objective", "Start_Date", "End_Date") VALUES (2,	'0',	1,	'Iteration 1',	366635646,	381202127,	'',	'2013-04-08',	'2013-04-19');
INSERT INTO "iteration" ("ID", "Locked", "Project_ID", "Name", "Points_Object_ID", "Comment_Object_ID", "Objective", "Start_Date", "End_Date") VALUES (3,	1,	1,	'Iteration 2',	388619810,	7967016,	'locked',	'2013-04-22',	'2013-05-03');
INSERT INTO "iteration" ("ID", "Locked", "Project_ID", "Name", "Points_Object_ID", "Comment_Object_ID", "Objective", "Start_Date", "End_Date") VALUES (4,	'0',	1,	'Iteration 3',	1182884766,	1117976109,	'',	'2013-05-07',	'2013-05-17');
INSERT INTO "iteration" ("ID", "Locked", "Project_ID", "Name", "Points_Object_ID", "Comment_Object_ID", "Objective", "Start_Date", "End_Date") VALUES (5,	'0',	1,	'iteration next',	1435225184,	1455738537,	'sdfsdf jjhhjjh',	'2013-12-01',	'2016-12-08');

INSERT INTO "points_log" ("ID", "Project_ID", "Points_Date", "Object_ID", "Status", "Story_Count", "Points_Claimed") VALUES (1,	1,	'2013-04-10 00:00:00',	1,	'Todo',	3,	'11');
INSERT INTO "points_log" ("ID", "Project_ID", "Points_Date", "Object_ID", "Status", "Story_Count", "Points_Claimed") VALUES (2,	1,	'2013-04-15 00:00:00',	1,	'Todo',	3,	'10');
INSERT INTO "points_log" ("ID", "Project_ID", "Points_Date", "Object_ID", "Status", "Story_Count", "Points_Claimed") VALUES (3,	1,	'2013-04-21 00:00:00',	1,	'Todo',	3,	'16');
INSERT INTO "points_log" ("ID", "Project_ID", "Points_Date", "Object_ID", "Status", "Story_Count", "Points_Claimed") VALUES (4,	1,	'2013-05-10 00:00:00',	1,	'Todo',	12,	'46');
INSERT INTO "points_log" ("ID", "Project_ID", "Points_Date", "Object_ID", "Status", "Story_Count", "Points_Claimed") VALUES (5,	1,	'2013-05-13 00:00:00',	1,	'Todo',	11,	'43');
INSERT INTO "points_log" ("ID", "Project_ID", "Points_Date", "Object_ID", "Status", "Story_Count", "Points_Claimed") VALUES (6,	1,	'2013-05-14 00:00:00',	1,	'Todo',	7,	'21');
INSERT INTO "points_log" ("ID", "Project_ID", "Points_Date", "Object_ID", "Status", "Story_Count", "Points_Claimed") VALUES (7,	1,	'2013-05-15 00:00:00',	1182884766,	'Doing',	1,	'1');
INSERT INTO "points_log" ("ID", "Project_ID", "Points_Date", "Object_ID", "Status", "Story_Count", "Points_Claimed") VALUES (8,	1,	'2013-05-15 00:00:00',	1182884766,	'Todo',	3,	'10');
INSERT INTO "points_log" ("ID", "Project_ID", "Points_Date", "Object_ID", "Status", "Story_Count", "Points_Claimed") VALUES (9,	1,	'2013-05-15 00:00:00',	1,	'Doing',	1,	'1');
INSERT INTO "points_log" ("ID", "Project_ID", "Points_Date", "Object_ID", "Status", "Story_Count", "Points_Claimed") VALUES (10,	1,	'2013-05-15 00:00:00',	1,	'Todo',	5,	'13');
INSERT INTO "points_log" ("ID", "Project_ID", "Points_Date", "Object_ID", "Status", "Story_Count", "Points_Claimed") VALUES (11,	1,	'2013-05-15 00:00:00',	1,	'Todo',	12,	'33');
INSERT INTO "points_log" ("ID", "Project_ID", "Points_Date", "Object_ID", "Status", "Story_Count", "Points_Claimed") VALUES (12,	1,	'2013-05-16 00:00:00',	1182884766,	'Doing',	1,	'5');
INSERT INTO "points_log" ("ID", "Project_ID", "Points_Date", "Object_ID", "Status", "Story_Count", "Points_Claimed") VALUES (13,	1,	'2013-05-16 00:00:00',	1182884766,	'Todo',	1,	'1');
INSERT INTO "points_log" ("ID", "Project_ID", "Points_Date", "Object_ID", "Status", "Story_Count", "Points_Claimed") VALUES (14,	1,	'2013-05-16 00:00:00',	1182884766,	'Todo',	1,	'5');
INSERT INTO "points_log" ("ID", "Project_ID", "Points_Date", "Object_ID", "Status", "Story_Count", "Points_Claimed") VALUES (15,	1,	'2013-05-16 00:00:00',	1,	'Doing',	1,	'5');
INSERT INTO "points_log" ("ID", "Project_ID", "Points_Date", "Object_ID", "Status", "Story_Count", "Points_Claimed") VALUES (16,	1,	'2013-05-16 00:00:00',	1,	'Todo',	6,	'14');
INSERT INTO "points_log" ("ID", "Project_ID", "Points_Date", "Object_ID", "Status", "Story_Count", "Points_Claimed") VALUES (17,	1,	'2013-05-16 00:00:00',	1,	'Todo',	11,	'28');
INSERT INTO "points_log" ("ID", "Project_ID", "Points_Date", "Object_ID", "Status", "Story_Count", "Points_Claimed") VALUES (22,	1,	'2199-12-31 00:00:00',	2,	'Todo',	13,	'33');
INSERT INTO "points_log" ("ID", "Project_ID", "Points_Date", "Object_ID", "Status", "Story_Count", "Points_Claimed") VALUES (24,	1,	'2013-05-20 00:00:00',	1,	'Doing',	1,	'5');
INSERT INTO "points_log" ("ID", "Project_ID", "Points_Date", "Object_ID", "Status", "Story_Count", "Points_Claimed") VALUES (25,	1,	'2013-05-20 00:00:00',	1,	'Todo',	7,	'17');
INSERT INTO "points_log" ("ID", "Project_ID", "Points_Date", "Object_ID", "Status", "Story_Count", "Points_Claimed") VALUES (26,	1,	'2013-05-20 00:00:00',	1,	'Todo',	14,	'38');
INSERT INTO "points_log" ("ID", "Project_ID", "Points_Date", "Object_ID", "Status", "Story_Count", "Points_Claimed") VALUES (29,	1,	'2013-09-30 00:00:00',	2,	'Todo',	13,	'33');
INSERT INTO "points_log" ("ID", "Project_ID", "Points_Date", "Object_ID", "Status", "Story_Count", "Points_Claimed") VALUES (30,	1,	'2013-09-30 00:00:00',	1,	'Doing',	1,	'5');
INSERT INTO "points_log" ("ID", "Project_ID", "Points_Date", "Object_ID", "Status", "Story_Count", "Points_Claimed") VALUES (31,	1,	'2013-09-30 00:00:00',	1,	'Todo',	7,	'17');
INSERT INTO "points_log" ("ID", "Project_ID", "Points_Date", "Object_ID", "Status", "Story_Count", "Points_Claimed") VALUES (32,	1,	'2013-09-30 00:00:00',	1,	'Todo',	14,	'38');
INSERT INTO "points_log" ("ID", "Project_ID", "Points_Date", "Object_ID", "Status", "Story_Count", "Points_Claimed") VALUES (58,	1,	'2014-01-25 00:00:00',	2,	'Todo',	13,	'33');
INSERT INTO "points_log" ("ID", "Project_ID", "Points_Date", "Object_ID", "Status", "Story_Count", "Points_Claimed") VALUES (59,	1,	'2014-01-25 00:00:00',	1,	'Doing',	1,	'5');
INSERT INTO "points_log" ("ID", "Project_ID", "Points_Date", "Object_ID", "Status", "Story_Count", "Points_Claimed") VALUES (60,	1,	'2014-01-25 00:00:00',	1,	'Todo',	7,	'17');
INSERT INTO "points_log" ("ID", "Project_ID", "Points_Date", "Object_ID", "Status", "Story_Count", "Points_Claimed") VALUES (61,	1,	'2014-01-25 00:00:00',	1,	'Todo',	14,	'38');
INSERT INTO "points_log" ("ID", "Project_ID", "Points_Date", "Object_ID", "Status", "Story_Count", "Points_Claimed") VALUES (66,	1,	'2014-01-26 00:00:00',	2,	'Todo',	13,	'33');
INSERT INTO "points_log" ("ID", "Project_ID", "Points_Date", "Object_ID", "Status", "Story_Count", "Points_Claimed") VALUES (67,	1,	'2014-01-26 00:00:00',	1,	'Doing',	1,	'5');
INSERT INTO "points_log" ("ID", "Project_ID", "Points_Date", "Object_ID", "Status", "Story_Count", "Points_Claimed") VALUES (68,	1,	'2014-01-26 00:00:00',	1,	'Todo',	7,	'17');
INSERT INTO "points_log" ("ID", "Project_ID", "Points_Date", "Object_ID", "Status", "Story_Count", "Points_Claimed") VALUES (69,	1,	'2014-01-26 00:00:00',	1,	'Todo',	14,	'38');
INSERT INTO "points_log" ("ID", "Project_ID", "Points_Date", "Object_ID", "Status", "Story_Count", "Points_Claimed") VALUES (74,	1,	'2014-01-29 00:00:00',	2,	'Todo',	13,	'33');
INSERT INTO "points_log" ("ID", "Project_ID", "Points_Date", "Object_ID", "Status", "Story_Count", "Points_Claimed") VALUES (75,	1,	'2014-01-29 00:00:00',	1,	'Doing',	1,	'5');
INSERT INTO "points_log" ("ID", "Project_ID", "Points_Date", "Object_ID", "Status", "Story_Count", "Points_Claimed") VALUES (76,	1,	'2014-01-29 00:00:00',	1,	'Todo',	7,	'17');
INSERT INTO "points_log" ("ID", "Project_ID", "Points_Date", "Object_ID", "Status", "Story_Count", "Points_Claimed") VALUES (77,	1,	'2014-01-29 00:00:00',	1,	'Todo',	14,	'38');
INSERT INTO "points_log" ("ID", "Project_ID", "Points_Date", "Object_ID", "Status", "Story_Count", "Points_Claimed") VALUES (88,	1,	'2014-02-19 00:00:00',	2,	'Todo',	13,	'33');
INSERT INTO "points_log" ("ID", "Project_ID", "Points_Date", "Object_ID", "Status", "Story_Count", "Points_Claimed") VALUES (89,	1,	'2014-02-19 00:00:00',	1,	'Doing',	1,	'5');
INSERT INTO "points_log" ("ID", "Project_ID", "Points_Date", "Object_ID", "Status", "Story_Count", "Points_Claimed") VALUES (90,	1,	'2014-02-19 00:00:00',	1,	'Todo',	7,	'17');
INSERT INTO "points_log" ("ID", "Project_ID", "Points_Date", "Object_ID", "Status", "Story_Count", "Points_Claimed") VALUES (91,	1,	'2014-02-19 00:00:00',	1,	'Todo',	14,	'38');
INSERT INTO "points_log" ("ID", "Project_ID", "Points_Date", "Object_ID", "Status", "Story_Count", "Points_Claimed") VALUES (121,	1,	'2014-02-26 00:00:00',	2,	'Doing',	1,	'2');
INSERT INTO "points_log" ("ID", "Project_ID", "Points_Date", "Object_ID", "Status", "Story_Count", "Points_Claimed") VALUES (122,	1,	'2014-02-26 00:00:00',	2,	'Todo',	12,	'31');
INSERT INTO "points_log" ("ID", "Project_ID", "Points_Date", "Object_ID", "Status", "Story_Count", "Points_Claimed") VALUES (123,	1,	'2014-02-26 00:00:00',	1,	'Doing',	2,	'7');
INSERT INTO "points_log" ("ID", "Project_ID", "Points_Date", "Object_ID", "Status", "Story_Count", "Points_Claimed") VALUES (124,	1,	'2014-02-26 00:00:00',	1,	'Todo',	7,	'17');
INSERT INTO "points_log" ("ID", "Project_ID", "Points_Date", "Object_ID", "Status", "Story_Count", "Points_Claimed") VALUES (125,	1,	'2014-02-26 00:00:00',	1,	'Todo',	13,	'36');
INSERT INTO "points_log" ("ID", "Project_ID", "Points_Date", "Object_ID", "Status", "Story_Count", "Points_Claimed") VALUES (136,	1,	'2014-02-27 00:00:00',	2,	'Doing',	1,	'2');
INSERT INTO "points_log" ("ID", "Project_ID", "Points_Date", "Object_ID", "Status", "Story_Count", "Points_Claimed") VALUES (137,	1,	'2014-02-27 00:00:00',	2,	'Todo',	12,	'31');
INSERT INTO "points_log" ("ID", "Project_ID", "Points_Date", "Object_ID", "Status", "Story_Count", "Points_Claimed") VALUES (138,	1,	'2014-02-27 00:00:00',	1,	'Doing',	2,	'7');
INSERT INTO "points_log" ("ID", "Project_ID", "Points_Date", "Object_ID", "Status", "Story_Count", "Points_Claimed") VALUES (139,	1,	'2014-02-27 00:00:00',	1,	'Todo',	7,	'17');
INSERT INTO "points_log" ("ID", "Project_ID", "Points_Date", "Object_ID", "Status", "Story_Count", "Points_Claimed") VALUES (140,	1,	'2014-02-27 00:00:00',	1,	'Todo',	13,	'36');
INSERT INTO "points_log" ("ID", "Project_ID", "Points_Date", "Object_ID", "Status", "Story_Count", "Points_Claimed") VALUES (1282,	1,	'2014-03-15 00:00:00',	2,	'Doing',	1,	'2');
INSERT INTO "points_log" ("ID", "Project_ID", "Points_Date", "Object_ID", "Status", "Story_Count", "Points_Claimed") VALUES (1283,	1,	'2014-03-15 00:00:00',	2,	'Todo',	14,	'31');
INSERT INTO "points_log" ("ID", "Project_ID", "Points_Date", "Object_ID", "Status", "Story_Count", "Points_Claimed") VALUES (1284,	1,	'2014-03-15 00:00:00',	1,	'Doing',	2,	'7');
INSERT INTO "points_log" ("ID", "Project_ID", "Points_Date", "Object_ID", "Status", "Story_Count", "Points_Claimed") VALUES (1285,	1,	'2014-03-15 00:00:00',	1,	'Todo',	7,	'17');
INSERT INTO "points_log" ("ID", "Project_ID", "Points_Date", "Object_ID", "Status", "Story_Count", "Points_Claimed") VALUES (1286,	1,	'2014-03-15 00:00:00',	1,	'Todo',	15,	'36');
INSERT INTO "points_log" ("ID", "Project_ID", "Points_Date", "Object_ID", "Status", "Story_Count", "Points_Claimed") VALUES (1287,	1,	'2014-03-16 00:00:00',	2,	'Doing',	1,	'2');
INSERT INTO "points_log" ("ID", "Project_ID", "Points_Date", "Object_ID", "Status", "Story_Count", "Points_Claimed") VALUES (1288,	1,	'2014-03-16 00:00:00',	2,	'Todo',	12,	'31');
INSERT INTO "points_log" ("ID", "Project_ID", "Points_Date", "Object_ID", "Status", "Story_Count", "Points_Claimed") VALUES (1289,	1,	'2014-03-16 00:00:00',	1,	'Doing',	2,	'7');
INSERT INTO "points_log" ("ID", "Project_ID", "Points_Date", "Object_ID", "Status", "Story_Count", "Points_Claimed") VALUES (1290,	1,	'2014-03-16 00:00:00',	1,	'Todo',	7,	'17');
INSERT INTO "points_log" ("ID", "Project_ID", "Points_Date", "Object_ID", "Status", "Story_Count", "Points_Claimed") VALUES (1291,	1,	'2014-03-16 00:00:00',	1,	'Todo',	13,	'36');
INSERT INTO "points_log" ("ID", "Project_ID", "Points_Date", "Object_ID", "Status", "Story_Count", "Points_Claimed") VALUES (1292,	1,	'2014-03-17 00:00:00',	2,	'Doing',	2,	'2');
INSERT INTO "points_log" ("ID", "Project_ID", "Points_Date", "Object_ID", "Status", "Story_Count", "Points_Claimed") VALUES (1293,	1,	'2014-03-17 00:00:00',	2,	'Todo',	11,	'31');
INSERT INTO "points_log" ("ID", "Project_ID", "Points_Date", "Object_ID", "Status", "Story_Count", "Points_Claimed") VALUES (1294,	1,	'2014-03-17 00:00:00',	1,	'Doing',	3,	'7');
INSERT INTO "points_log" ("ID", "Project_ID", "Points_Date", "Object_ID", "Status", "Story_Count", "Points_Claimed") VALUES (1295,	1,	'2014-03-17 00:00:00',	1,	'Todo',	7,	'17');
INSERT INTO "points_log" ("ID", "Project_ID", "Points_Date", "Object_ID", "Status", "Story_Count", "Points_Claimed") VALUES (1296,	1,	'2014-03-17 00:00:00',	1,	'Todo',	12,	'36');
INSERT INTO "points_log" ("ID", "Project_ID", "Points_Date", "Object_ID", "Status", "Story_Count", "Points_Claimed") VALUES (1373,	1,	'2014-03-18 00:00:00',	2,	'Doing',	1,	'0');
INSERT INTO "points_log" ("ID", "Project_ID", "Points_Date", "Object_ID", "Status", "Story_Count", "Points_Claimed") VALUES (1374,	1,	'2014-03-18 00:00:00',	2,	'OK to Review',	1,	'2');
INSERT INTO "points_log" ("ID", "Project_ID", "Points_Date", "Object_ID", "Status", "Story_Count", "Points_Claimed") VALUES (1375,	1,	'2014-03-18 00:00:00',	2,	'Todo',	11,	'31');
INSERT INTO "points_log" ("ID", "Project_ID", "Points_Date", "Object_ID", "Status", "Story_Count", "Points_Claimed") VALUES (1376,	1,	'2014-03-18 00:00:00',	1,	'Doing',	2,	'5');
INSERT INTO "points_log" ("ID", "Project_ID", "Points_Date", "Object_ID", "Status", "Story_Count", "Points_Claimed") VALUES (1377,	1,	'2014-03-18 00:00:00',	1,	'Todo',	7,	'17');
INSERT INTO "points_log" ("ID", "Project_ID", "Points_Date", "Object_ID", "Status", "Story_Count", "Points_Claimed") VALUES (1378,	1,	'2014-03-18 00:00:00',	1,	'OK to Review',	1,	'2');
INSERT INTO "points_log" ("ID", "Project_ID", "Points_Date", "Object_ID", "Status", "Story_Count", "Points_Claimed") VALUES (1379,	1,	'2014-03-18 00:00:00',	1,	'Todo',	12,	'36');
INSERT INTO "points_log" ("ID", "Project_ID", "Points_Date", "Object_ID", "Status", "Story_Count", "Points_Claimed") VALUES (1380,	1,	'2014-03-19 00:00:00',	2,	'Doing',	2,	'2');
INSERT INTO "points_log" ("ID", "Project_ID", "Points_Date", "Object_ID", "Status", "Story_Count", "Points_Claimed") VALUES (1381,	1,	'2014-03-19 00:00:00',	2,	'Todo',	11,	'31');
INSERT INTO "points_log" ("ID", "Project_ID", "Points_Date", "Object_ID", "Status", "Story_Count", "Points_Claimed") VALUES (1382,	1,	'2014-03-19 00:00:00',	1,	'Doing',	3,	'7');
INSERT INTO "points_log" ("ID", "Project_ID", "Points_Date", "Object_ID", "Status", "Story_Count", "Points_Claimed") VALUES (1383,	1,	'2014-03-19 00:00:00',	1,	'Todo',	7,	'17');
INSERT INTO "points_log" ("ID", "Project_ID", "Points_Date", "Object_ID", "Status", "Story_Count", "Points_Claimed") VALUES (1384,	1,	'2014-03-19 00:00:00',	1,	'Todo',	12,	'36');
INSERT INTO "points_log" ("ID", "Project_ID", "Points_Date", "Object_ID", "Status", "Story_Count", "Points_Claimed") VALUES (1397,	1,	'2014-10-12 00:00:00',	1,	'Doing',	3,	'7');
INSERT INTO "points_log" ("ID", "Project_ID", "Points_Date", "Object_ID", "Status", "Story_Count", "Points_Claimed") VALUES (1398,	1,	'2014-10-12 00:00:00',	1,	'Todo',	7,	'17');
INSERT INTO "points_log" ("ID", "Project_ID", "Points_Date", "Object_ID", "Status", "Story_Count", "Points_Claimed") VALUES (1399,	1,	'2014-10-12 00:00:00',	1,	'Todo',	12,	'36');
INSERT INTO "points_log" ("ID", "Project_ID", "Points_Date", "Object_ID", "Status", "Story_Count", "Points_Claimed") VALUES (1435,	1,	'2015-04-09 00:00:00',	2,	'Doing',	1,	'1');
INSERT INTO "points_log" ("ID", "Project_ID", "Points_Date", "Object_ID", "Status", "Story_Count", "Points_Claimed") VALUES (1436,	1,	'2015-04-09 00:00:00',	2,	'Ready to play',	1,	'2');
INSERT INTO "points_log" ("ID", "Project_ID", "Points_Date", "Object_ID", "Status", "Story_Count", "Points_Claimed") VALUES (1437,	1,	'2015-04-09 00:00:00',	2,	'Todo',	11,	'31');
INSERT INTO "points_log" ("ID", "Project_ID", "Points_Date", "Object_ID", "Status", "Story_Count", "Points_Claimed") VALUES (1438,	1,	'2015-04-09 00:00:00',	1,	'Doing',	2,	'6');
INSERT INTO "points_log" ("ID", "Project_ID", "Points_Date", "Object_ID", "Status", "Story_Count", "Points_Claimed") VALUES (1439,	1,	'2015-04-09 00:00:00',	1,	'Todo',	7,	'17');
INSERT INTO "points_log" ("ID", "Project_ID", "Points_Date", "Object_ID", "Status", "Story_Count", "Points_Claimed") VALUES (1440,	1,	'2015-04-09 00:00:00',	1,	'Ready to play',	1,	'2');
INSERT INTO "points_log" ("ID", "Project_ID", "Points_Date", "Object_ID", "Status", "Story_Count", "Points_Claimed") VALUES (1441,	1,	'2015-04-09 00:00:00',	1,	'Todo',	12,	'36');
INSERT INTO "points_log" ("ID", "Project_ID", "Points_Date", "Object_ID", "Status", "Story_Count", "Points_Claimed") VALUES (1449,	1,	'2015-04-11 00:00:00',	2,	'Doing',	1,	'1');
INSERT INTO "points_log" ("ID", "Project_ID", "Points_Date", "Object_ID", "Status", "Story_Count", "Points_Claimed") VALUES (1450,	1,	'2015-04-11 00:00:00',	2,	'Ready to play',	1,	'2');
INSERT INTO "points_log" ("ID", "Project_ID", "Points_Date", "Object_ID", "Status", "Story_Count", "Points_Claimed") VALUES (1451,	1,	'2015-04-11 00:00:00',	2,	'Todo',	11,	'31');
INSERT INTO "points_log" ("ID", "Project_ID", "Points_Date", "Object_ID", "Status", "Story_Count", "Points_Claimed") VALUES (1452,	1,	'2015-04-11 00:00:00',	1,	'Doing',	2,	'6');
INSERT INTO "points_log" ("ID", "Project_ID", "Points_Date", "Object_ID", "Status", "Story_Count", "Points_Claimed") VALUES (1453,	1,	'2015-04-11 00:00:00',	1,	'Todo',	7,	'17');
INSERT INTO "points_log" ("ID", "Project_ID", "Points_Date", "Object_ID", "Status", "Story_Count", "Points_Claimed") VALUES (1454,	1,	'2015-04-11 00:00:00',	1,	'Ready to play',	1,	'2');
INSERT INTO "points_log" ("ID", "Project_ID", "Points_Date", "Object_ID", "Status", "Story_Count", "Points_Claimed") VALUES (1455,	1,	'2015-04-11 00:00:00',	1,	'Todo',	12,	'36');
INSERT INTO "points_log" ("ID", "Project_ID", "Points_Date", "Object_ID", "Status", "Story_Count", "Points_Claimed") VALUES (1456,	1,	'2015-05-08 00:00:00',	2,	'Doing',	1,	'1');
INSERT INTO "points_log" ("ID", "Project_ID", "Points_Date", "Object_ID", "Status", "Story_Count", "Points_Claimed") VALUES (1457,	1,	'2015-05-08 00:00:00',	2,	'Ready to play',	1,	'2');
INSERT INTO "points_log" ("ID", "Project_ID", "Points_Date", "Object_ID", "Status", "Story_Count", "Points_Claimed") VALUES (1458,	1,	'2015-05-08 00:00:00',	2,	'Todo',	11,	'31');
INSERT INTO "points_log" ("ID", "Project_ID", "Points_Date", "Object_ID", "Status", "Story_Count", "Points_Claimed") VALUES (1464,	1,	'2015-05-08 00:00:00',	1,	'Doing',	2,	'6');
INSERT INTO "points_log" ("ID", "Project_ID", "Points_Date", "Object_ID", "Status", "Story_Count", "Points_Claimed") VALUES (1465,	1,	'2015-05-08 00:00:00',	1,	'Todo',	7,	'17');
INSERT INTO "points_log" ("ID", "Project_ID", "Points_Date", "Object_ID", "Status", "Story_Count", "Points_Claimed") VALUES (1466,	1,	'2015-05-08 00:00:00',	1,	'Ready to play',	1,	'2');
INSERT INTO "points_log" ("ID", "Project_ID", "Points_Date", "Object_ID", "Status", "Story_Count", "Points_Claimed") VALUES (1467,	1,	'2015-05-08 00:00:00',	1,	'Todo',	12,	'36');
INSERT INTO "points_log" ("ID", "Project_ID", "Points_Date", "Object_ID", "Status", "Story_Count", "Points_Claimed") VALUES (1537,	1,	'2015-05-09 00:00:00',	2,	'Doing',	1,	'1');
INSERT INTO "points_log" ("ID", "Project_ID", "Points_Date", "Object_ID", "Status", "Story_Count", "Points_Claimed") VALUES (1538,	1,	'2015-05-09 00:00:00',	2,	'Ready to play',	1,	'3');
INSERT INTO "points_log" ("ID", "Project_ID", "Points_Date", "Object_ID", "Status", "Story_Count", "Points_Claimed") VALUES (1539,	1,	'2015-05-09 00:00:00',	2,	'Todo',	8,	'21');
INSERT INTO "points_log" ("ID", "Project_ID", "Points_Date", "Object_ID", "Status", "Story_Count", "Points_Claimed") VALUES (1540,	1,	'2015-05-09 00:00:00',	1,	'Doing',	2,	'6');
INSERT INTO "points_log" ("ID", "Project_ID", "Points_Date", "Object_ID", "Status", "Story_Count", "Points_Claimed") VALUES (1541,	1,	'2015-05-09 00:00:00',	1,	'Todo',	7,	'17');
INSERT INTO "points_log" ("ID", "Project_ID", "Points_Date", "Object_ID", "Status", "Story_Count", "Points_Claimed") VALUES (1542,	1,	'2015-05-09 00:00:00',	1,	'Ready to play',	2,	'5');
INSERT INTO "points_log" ("ID", "Project_ID", "Points_Date", "Object_ID", "Status", "Story_Count", "Points_Claimed") VALUES (1543,	1,	'2015-05-09 00:00:00',	1,	'Todo',	11,	'33');
INSERT INTO "points_log" ("ID", "Project_ID", "Points_Date", "Object_ID", "Status", "Story_Count", "Points_Claimed") VALUES (1557,	1,	'2015-05-10 00:00:00',	1,	'Doing',	2,	'6');
INSERT INTO "points_log" ("ID", "Project_ID", "Points_Date", "Object_ID", "Status", "Story_Count", "Points_Claimed") VALUES (1558,	1,	'2015-05-10 00:00:00',	1,	'Todo',	7,	'17');
INSERT INTO "points_log" ("ID", "Project_ID", "Points_Date", "Object_ID", "Status", "Story_Count", "Points_Claimed") VALUES (1559,	1,	'2015-05-10 00:00:00',	1,	'Ready to play',	2,	'5');
INSERT INTO "points_log" ("ID", "Project_ID", "Points_Date", "Object_ID", "Status", "Story_Count", "Points_Claimed") VALUES (1560,	1,	'2015-05-10 00:00:00',	1,	'Todo',	11,	'33');
INSERT INTO "points_log" ("ID", "Project_ID", "Points_Date", "Object_ID", "Status", "Story_Count", "Points_Claimed") VALUES (1612,	1,	'2015-06-01 00:00:00',	2,	'Doing',	1,	'1');
INSERT INTO "points_log" ("ID", "Project_ID", "Points_Date", "Object_ID", "Status", "Story_Count", "Points_Claimed") VALUES (1613,	1,	'2015-06-01 00:00:00',	2,	'OK to Review',	1,	'3');
INSERT INTO "points_log" ("ID", "Project_ID", "Points_Date", "Object_ID", "Status", "Story_Count", "Points_Claimed") VALUES (1614,	1,	'2015-06-01 00:00:00',	2,	'Todo',	8,	'21');
INSERT INTO "points_log" ("ID", "Project_ID", "Points_Date", "Object_ID", "Status", "Story_Count", "Points_Claimed") VALUES (1615,	1,	'2015-06-01 00:00:00',	1,	'Doing',	2,	'6');
INSERT INTO "points_log" ("ID", "Project_ID", "Points_Date", "Object_ID", "Status", "Story_Count", "Points_Claimed") VALUES (1616,	1,	'2015-06-01 00:00:00',	1,	'Todo',	7,	'15');
INSERT INTO "points_log" ("ID", "Project_ID", "Points_Date", "Object_ID", "Status", "Story_Count", "Points_Claimed") VALUES (1617,	1,	'2015-06-01 00:00:00',	1,	'OK to Review',	1,	'3');
INSERT INTO "points_log" ("ID", "Project_ID", "Points_Date", "Object_ID", "Status", "Story_Count", "Points_Claimed") VALUES (1618,	1,	'2015-06-01 00:00:00',	1,	'Ready to play',	1,	'2');
INSERT INTO "points_log" ("ID", "Project_ID", "Points_Date", "Object_ID", "Status", "Story_Count", "Points_Claimed") VALUES (1619,	1,	'2015-06-01 00:00:00',	1,	'Todo',	11,	'33');
INSERT INTO "points_log" ("ID", "Project_ID", "Points_Date", "Object_ID", "Status", "Story_Count", "Points_Claimed") VALUES (1626,	1,	'2015-06-03 00:00:00',	2,	'Todo',	10,	'25');
INSERT INTO "points_log" ("ID", "Project_ID", "Points_Date", "Object_ID", "Status", "Story_Count", "Points_Claimed") VALUES (1627,	1,	'2015-06-03 00:00:00',	1,	'Doing',	1,	'5');
INSERT INTO "points_log" ("ID", "Project_ID", "Points_Date", "Object_ID", "Status", "Story_Count", "Points_Claimed") VALUES (1628,	1,	'2015-06-03 00:00:00',	1,	'Todo',	7,	'15');
INSERT INTO "points_log" ("ID", "Project_ID", "Points_Date", "Object_ID", "Status", "Story_Count", "Points_Claimed") VALUES (1629,	1,	'2015-06-03 00:00:00',	1,	'Ready to play',	1,	'2');
INSERT INTO "points_log" ("ID", "Project_ID", "Points_Date", "Object_ID", "Status", "Story_Count", "Points_Claimed") VALUES (1630,	1,	'2015-06-03 00:00:00',	1,	'Todo',	13,	'37');
INSERT INTO "points_log" ("ID", "Project_ID", "Points_Date", "Object_ID", "Status", "Story_Count", "Points_Claimed") VALUES (1645,	1,	'2015-06-06 00:00:00',	1,	'Doing',	1,	'5');
INSERT INTO "points_log" ("ID", "Project_ID", "Points_Date", "Object_ID", "Status", "Story_Count", "Points_Claimed") VALUES (1646,	1,	'2015-06-06 00:00:00',	1,	'Todo',	7,	'15');
INSERT INTO "points_log" ("ID", "Project_ID", "Points_Date", "Object_ID", "Status", "Story_Count", "Points_Claimed") VALUES (1647,	1,	'2015-06-06 00:00:00',	1,	'Ready to play',	2,	'4');
INSERT INTO "points_log" ("ID", "Project_ID", "Points_Date", "Object_ID", "Status", "Story_Count", "Points_Claimed") VALUES (1648,	1,	'2015-06-06 00:00:00',	1,	'Todo',	12,	'35');
INSERT INTO "points_log" ("ID", "Project_ID", "Points_Date", "Object_ID", "Status", "Story_Count", "Points_Claimed") VALUES (1711,	1,	'2015-06-10 00:00:00',	1,	'Doing',	1,	'2');
INSERT INTO "points_log" ("ID", "Project_ID", "Points_Date", "Object_ID", "Status", "Story_Count", "Points_Claimed") VALUES (1712,	1,	'2015-06-10 00:00:00',	1,	'Todo',	7,	'15');
INSERT INTO "points_log" ("ID", "Project_ID", "Points_Date", "Object_ID", "Status", "Story_Count", "Points_Claimed") VALUES (1713,	1,	'2015-06-10 00:00:00',	1,	'OK to Review',	1,	'5');
INSERT INTO "points_log" ("ID", "Project_ID", "Points_Date", "Object_ID", "Status", "Story_Count", "Points_Claimed") VALUES (1714,	1,	'2015-06-10 00:00:00',	1,	'Ready to play',	1,	'2');
INSERT INTO "points_log" ("ID", "Project_ID", "Points_Date", "Object_ID", "Status", "Story_Count", "Points_Claimed") VALUES (1715,	1,	'2015-06-10 00:00:00',	1,	'Todo',	12,	'35');
INSERT INTO "points_log" ("ID", "Project_ID", "Points_Date", "Object_ID", "Status", "Story_Count", "Points_Claimed") VALUES (1731,	1,	'2015-06-19 00:00:00',	1,	'Doing',	1,	'2');
INSERT INTO "points_log" ("ID", "Project_ID", "Points_Date", "Object_ID", "Status", "Story_Count", "Points_Claimed") VALUES (1732,	1,	'2015-06-19 00:00:00',	1,	'OK to Review',	1,	'5');
INSERT INTO "points_log" ("ID", "Project_ID", "Points_Date", "Object_ID", "Status", "Story_Count", "Points_Claimed") VALUES (1733,	1,	'2015-06-19 00:00:00',	1,	'Ready to play',	1,	'2');
INSERT INTO "points_log" ("ID", "Project_ID", "Points_Date", "Object_ID", "Status", "Story_Count", "Points_Claimed") VALUES (1734,	1,	'2015-06-19 00:00:00',	1,	'Todo',	19,	'50');
INSERT INTO "points_log" ("ID", "Project_ID", "Points_Date", "Object_ID", "Status", "Story_Count", "Points_Claimed") VALUES (1749,	1,	'2015-06-20 00:00:00',	2,	'Todo',	10,	'25');
INSERT INTO "points_log" ("ID", "Project_ID", "Points_Date", "Object_ID", "Status", "Story_Count", "Points_Claimed") VALUES (1816,	1,	'2013-05-17 00:00:00',	1182884766,	'Done',	4,	'13');
INSERT INTO "points_log" ("ID", "Project_ID", "Points_Date", "Object_ID", "Status", "Story_Count", "Points_Claimed") VALUES (1817,	1,	'2015-06-20 00:00:00',	1,	'Done',	10,	'27');
INSERT INTO "points_log" ("ID", "Project_ID", "Points_Date", "Object_ID", "Status", "Story_Count", "Points_Claimed") VALUES (1818,	1,	'2015-06-20 00:00:00',	1,	'Ready to play',	1,	'2');
INSERT INTO "points_log" ("ID", "Project_ID", "Points_Date", "Object_ID", "Status", "Story_Count", "Points_Claimed") VALUES (1819,	1,	'2015-06-20 00:00:00',	1,	'Todo',	11,	'30');
INSERT INTO "points_log" ("ID", "Project_ID", "Points_Date", "Object_ID", "Status", "Story_Count", "Points_Claimed") VALUES (1824,	1,	'2015-06-25 00:00:00',	2,	'Todo',	10,	'25');
INSERT INTO "points_log" ("ID", "Project_ID", "Points_Date", "Object_ID", "Status", "Story_Count", "Points_Claimed") VALUES (1825,	1,	'2015-06-25 00:00:00',	1,	'Done',	10,	'27');
INSERT INTO "points_log" ("ID", "Project_ID", "Points_Date", "Object_ID", "Status", "Story_Count", "Points_Claimed") VALUES (1826,	1,	'2015-06-25 00:00:00',	1,	'Ready to play',	1,	'2');
INSERT INTO "points_log" ("ID", "Project_ID", "Points_Date", "Object_ID", "Status", "Story_Count", "Points_Claimed") VALUES (1827,	1,	'2015-06-25 00:00:00',	1,	'Todo',	11,	'30');
INSERT INTO "points_log" ("ID", "Project_ID", "Points_Date", "Object_ID", "Status", "Story_Count", "Points_Claimed") VALUES (1840,	1,	'2013-04-19 00:00:00',	366635646,	'Done',	3,	'5');
INSERT INTO "points_log" ("ID", "Project_ID", "Points_Date", "Object_ID", "Status", "Story_Count", "Points_Claimed") VALUES (1841,	1,	'2015-06-28 00:00:00',	1,	'Done',	10,	'27');
INSERT INTO "points_log" ("ID", "Project_ID", "Points_Date", "Object_ID", "Status", "Story_Count", "Points_Claimed") VALUES (1842,	1,	'2015-06-28 00:00:00',	1,	'Ready to play',	1,	'2');
INSERT INTO "points_log" ("ID", "Project_ID", "Points_Date", "Object_ID", "Status", "Story_Count", "Points_Claimed") VALUES (1843,	1,	'2015-06-28 00:00:00',	1,	'Todo',	11,	'30');
INSERT INTO "points_log" ("ID", "Project_ID", "Points_Date", "Object_ID", "Status", "Story_Count", "Points_Claimed") VALUES (1846,	1,	'2015-07-27 00:00:00',	2,	'Todo',	10,	'25');
INSERT INTO "points_log" ("ID", "Project_ID", "Points_Date", "Object_ID", "Status", "Story_Count", "Points_Claimed") VALUES (1847,	1,	'2015-07-27 00:00:00',	1,	'Done',	10,	'27');
INSERT INTO "points_log" ("ID", "Project_ID", "Points_Date", "Object_ID", "Status", "Story_Count", "Points_Claimed") VALUES (1848,	1,	'2015-07-27 00:00:00',	1,	'Ready to play',	1,	'2');
INSERT INTO "points_log" ("ID", "Project_ID", "Points_Date", "Object_ID", "Status", "Story_Count", "Points_Claimed") VALUES (1849,	1,	'2015-07-27 00:00:00',	1,	'Todo',	11,	'30');
INSERT INTO "points_log" ("ID", "Project_ID", "Points_Date", "Object_ID", "Status", "Story_Count", "Points_Claimed") VALUES (1850,	1,	'2015-07-30 00:00:00',	2,	'Todo',	11,	'26');
INSERT INTO "points_log" ("ID", "Project_ID", "Points_Date", "Object_ID", "Status", "Story_Count", "Points_Claimed") VALUES (1851,	1,	'2015-07-30 00:00:00',	1,	'Done',	10,	'27');
INSERT INTO "points_log" ("ID", "Project_ID", "Points_Date", "Object_ID", "Status", "Story_Count", "Points_Claimed") VALUES (1852,	1,	'2015-07-30 00:00:00',	1,	'Ready to play',	1,	'2');
INSERT INTO "points_log" ("ID", "Project_ID", "Points_Date", "Object_ID", "Status", "Story_Count", "Points_Claimed") VALUES (1853,	1,	'2015-07-30 00:00:00',	1,	'Todo',	12,	'31');
INSERT INTO "points_log" ("ID", "Project_ID", "Points_Date", "Object_ID", "Status", "Story_Count", "Points_Claimed") VALUES (1856,	1,	'2015-08-16 00:00:00',	1,	'Doing',	1,	'5');
INSERT INTO "points_log" ("ID", "Project_ID", "Points_Date", "Object_ID", "Status", "Story_Count", "Points_Claimed") VALUES (1857,	1,	'2015-08-16 00:00:00',	1,	'Done',	10,	'27');
INSERT INTO "points_log" ("ID", "Project_ID", "Points_Date", "Object_ID", "Status", "Story_Count", "Points_Claimed") VALUES (1858,	1,	'2015-08-16 00:00:00',	1,	'Ready to play',	1,	'2');
INSERT INTO "points_log" ("ID", "Project_ID", "Points_Date", "Object_ID", "Status", "Story_Count", "Points_Claimed") VALUES (1859,	1,	'2015-08-16 00:00:00',	1,	'Todo',	11,	'26');
INSERT INTO "points_log" ("ID", "Project_ID", "Points_Date", "Object_ID", "Status", "Story_Count", "Points_Claimed") VALUES (1862,	1,	'2015-08-23 00:00:00',	1,	'Doing',	1,	'5');
INSERT INTO "points_log" ("ID", "Project_ID", "Points_Date", "Object_ID", "Status", "Story_Count", "Points_Claimed") VALUES (1863,	1,	'2015-08-23 00:00:00',	1,	'Done',	10,	'27');
INSERT INTO "points_log" ("ID", "Project_ID", "Points_Date", "Object_ID", "Status", "Story_Count", "Points_Claimed") VALUES (1864,	1,	'2015-08-23 00:00:00',	1,	'Ready to play',	2,	'4');
INSERT INTO "points_log" ("ID", "Project_ID", "Points_Date", "Object_ID", "Status", "Story_Count", "Points_Claimed") VALUES (1865,	1,	'2015-08-23 00:00:00',	1,	'Todo',	11,	'26');
INSERT INTO "points_log" ("ID", "Project_ID", "Points_Date", "Object_ID", "Status", "Story_Count", "Points_Claimed") VALUES (1876,	1,	'2015-08-30 00:00:00',	1,	'Doing',	2,	'7');
INSERT INTO "points_log" ("ID", "Project_ID", "Points_Date", "Object_ID", "Status", "Story_Count", "Points_Claimed") VALUES (1877,	1,	'2015-08-30 00:00:00',	1,	'Done',	10,	'27');
INSERT INTO "points_log" ("ID", "Project_ID", "Points_Date", "Object_ID", "Status", "Story_Count", "Points_Claimed") VALUES (1878,	1,	'2015-08-30 00:00:00',	1,	'OK to Review',	1,	'2');
INSERT INTO "points_log" ("ID", "Project_ID", "Points_Date", "Object_ID", "Status", "Story_Count", "Points_Claimed") VALUES (1879,	1,	'2015-08-30 00:00:00',	1,	'Todo',	11,	'26');
INSERT INTO "points_log" ("ID", "Project_ID", "Points_Date", "Object_ID", "Status", "Story_Count", "Points_Claimed") VALUES (1986,	1,	'2015-11-01 00:00:00',	2,	'Todo',	11,	'26');
INSERT INTO "points_log" ("ID", "Project_ID", "Points_Date", "Object_ID", "Status", "Story_Count", "Points_Claimed") VALUES (1987,	1,	'2015-11-01 00:00:00',	1,	'Doing',	2,	'7');
INSERT INTO "points_log" ("ID", "Project_ID", "Points_Date", "Object_ID", "Status", "Story_Count", "Points_Claimed") VALUES (1988,	1,	'2015-11-01 00:00:00',	1,	'Done',	10,	'27');
INSERT INTO "points_log" ("ID", "Project_ID", "Points_Date", "Object_ID", "Status", "Story_Count", "Points_Claimed") VALUES (1989,	1,	'2015-11-01 00:00:00',	1,	'OK to Review',	1,	'2');
INSERT INTO "points_log" ("ID", "Project_ID", "Points_Date", "Object_ID", "Status", "Story_Count", "Points_Claimed") VALUES (1990,	1,	'2015-11-01 00:00:00',	1,	'Todo',	11,	'26');
INSERT INTO "points_log" ("ID", "Project_ID", "Points_Date", "Object_ID", "Status", "Story_Count", "Points_Claimed") VALUES (2041,	1,	'2015-11-02 00:00:00',	2,	'Todo',	11,	'26');
INSERT INTO "points_log" ("ID", "Project_ID", "Points_Date", "Object_ID", "Status", "Story_Count", "Points_Claimed") VALUES (2042,	1,	'2015-11-02 00:00:00',	1,	'Doing',	2,	'7');
INSERT INTO "points_log" ("ID", "Project_ID", "Points_Date", "Object_ID", "Status", "Story_Count", "Points_Claimed") VALUES (2043,	1,	'2015-11-02 00:00:00',	1,	'Done',	10,	'27');
INSERT INTO "points_log" ("ID", "Project_ID", "Points_Date", "Object_ID", "Status", "Story_Count", "Points_Claimed") VALUES (2044,	1,	'2015-11-02 00:00:00',	1,	'OK to Review',	1,	'2');
INSERT INTO "points_log" ("ID", "Project_ID", "Points_Date", "Object_ID", "Status", "Story_Count", "Points_Claimed") VALUES (2045,	1,	'2015-11-02 00:00:00',	1,	'Todo',	11,	'26');
INSERT INTO "points_log" ("ID", "Project_ID", "Points_Date", "Object_ID", "Status", "Story_Count", "Points_Claimed") VALUES (2046,	1,	'2013-12-08 00:00:00',	1435225184,	'Doing',	2,	'7');
INSERT INTO "points_log" ("ID", "Project_ID", "Points_Date", "Object_ID", "Status", "Story_Count", "Points_Claimed") VALUES (2047,	1,	'2013-12-08 00:00:00',	1435225184,	'OK to Review',	1,	'2');
INSERT INTO "points_log" ("ID", "Project_ID", "Points_Date", "Object_ID", "Status", "Story_Count", "Points_Claimed") VALUES (2048,	1,	'2015-12-29 00:00:00',	1,	'Doing',	2,	'7');
INSERT INTO "points_log" ("ID", "Project_ID", "Points_Date", "Object_ID", "Status", "Story_Count", "Points_Claimed") VALUES (2049,	1,	'2015-12-29 00:00:00',	1,	'Done',	10,	'27');
INSERT INTO "points_log" ("ID", "Project_ID", "Points_Date", "Object_ID", "Status", "Story_Count", "Points_Claimed") VALUES (2050,	1,	'2015-12-29 00:00:00',	1,	'OK to Review',	1,	'2');
INSERT INTO "points_log" ("ID", "Project_ID", "Points_Date", "Object_ID", "Status", "Story_Count", "Points_Claimed") VALUES (2051,	1,	'2015-12-29 00:00:00',	1,	'Todo',	11,	'26');
INSERT INTO "points_log" ("ID", "Project_ID", "Points_Date", "Object_ID", "Status", "Story_Count", "Points_Claimed") VALUES (2060,	1,	'2016-05-19',	1435225184,	'Doing',	1,	'5');
INSERT INTO "points_log" ("ID", "Project_ID", "Points_Date", "Object_ID", "Status", "Story_Count", "Points_Claimed") VALUES (2061,	1,	'2016-05-19',	1435225184,	'Ready to play',	1,	'2');
INSERT INTO "points_log" ("ID", "Project_ID", "Points_Date", "Object_ID", "Status", "Story_Count", "Points_Claimed") VALUES (2166,	1,	'2016-05-24 00:00:00',	2,	'Todo',	6,	'6');
INSERT INTO "points_log" ("ID", "Project_ID", "Points_Date", "Object_ID", "Status", "Story_Count", "Points_Claimed") VALUES (2171,	1,	'2016-05-24 00:00:00',	1435225184,	'Doing',	1,	'5');
INSERT INTO "points_log" ("ID", "Project_ID", "Points_Date", "Object_ID", "Status", "Story_Count", "Points_Claimed") VALUES (2172,	1,	'2016-05-24 00:00:00',	1435225184,	'Ready to play',	1,	'2');
INSERT INTO "points_log" ("ID", "Project_ID", "Points_Date", "Object_ID", "Status", "Story_Count", "Points_Claimed") VALUES (2173,	1,	'2016-05-24',	1,	'Doing',	1,	'5');
INSERT INTO "points_log" ("ID", "Project_ID", "Points_Date", "Object_ID", "Status", "Story_Count", "Points_Claimed") VALUES (2174,	1,	'2016-05-24',	1,	'Done',	10,	'27');
INSERT INTO "points_log" ("ID", "Project_ID", "Points_Date", "Object_ID", "Status", "Story_Count", "Points_Claimed") VALUES (2175,	1,	'2016-05-24',	1,	'Ready to play',	1,	'2');
INSERT INTO "points_log" ("ID", "Project_ID", "Points_Date", "Object_ID", "Status", "Story_Count", "Points_Claimed") VALUES (2176,	1,	'2016-05-24',	1,	'Todo',	10,	'13');
INSERT INTO "points_log" ("ID", "Project_ID", "Points_Date", "Object_ID", "Status", "Story_Count", "Points_Claimed") VALUES (2260,	1,	'2016-05-26 00:00:00',	2,	'Todo',	4,	'1');
INSERT INTO "points_log" ("ID", "Project_ID", "Points_Date", "Object_ID", "Status", "Story_Count", "Points_Claimed") VALUES (2264,	1,	'2016-05-26 00:00:00',	1435225184,	'Todo',	2,	'13');
INSERT INTO "points_log" ("ID", "Project_ID", "Points_Date", "Object_ID", "Status", "Story_Count", "Points_Claimed") VALUES (2265,	1,	'2016-05-26',	1,	'Doing',	1,	'5');
INSERT INTO "points_log" ("ID", "Project_ID", "Points_Date", "Object_ID", "Status", "Story_Count", "Points_Claimed") VALUES (2266,	1,	'2016-05-26',	1,	'Done',	11,	'30');
INSERT INTO "points_log" ("ID", "Project_ID", "Points_Date", "Object_ID", "Status", "Story_Count", "Points_Claimed") VALUES (2267,	1,	'2016-05-26',	1,	'Todo',	10,	'21');
INSERT INTO "points_log" ("ID", "Project_ID", "Points_Date", "Object_ID", "Status", "Story_Count", "Points_Claimed") VALUES (2346,	1,	'2016-05-27 00:00:00',	2,	'Todo',	4,	'1');
INSERT INTO "points_log" ("ID", "Project_ID", "Points_Date", "Object_ID", "Status", "Story_Count", "Points_Claimed") VALUES (2350,	1,	'2016-05-27 00:00:00',	1435225184,	'Todo',	2,	'13');
INSERT INTO "points_log" ("ID", "Project_ID", "Points_Date", "Object_ID", "Status", "Story_Count", "Points_Claimed") VALUES (2351,	1,	'2016-05-27',	1,	'Doing',	1,	'5');
INSERT INTO "points_log" ("ID", "Project_ID", "Points_Date", "Object_ID", "Status", "Story_Count", "Points_Claimed") VALUES (2352,	1,	'2016-05-27',	1,	'Done',	11,	'30');
INSERT INTO "points_log" ("ID", "Project_ID", "Points_Date", "Object_ID", "Status", "Story_Count", "Points_Claimed") VALUES (2353,	1,	'2016-05-27',	1,	'Todo',	10,	'21');
INSERT INTO "points_log" ("ID", "Project_ID", "Points_Date", "Object_ID", "Status", "Story_Count", "Points_Claimed") VALUES (2834,	1,	'2013-05-03 00:00:00',	388619810,	'Done',	3,	'9');
INSERT INTO "points_log" ("ID", "Project_ID", "Points_Date", "Object_ID", "Status", "Story_Count", "Points_Claimed") VALUES (3105,	1,	'2016-06-01 00:00:00',	1435225184,	'Doing',	1,	'8');
INSERT INTO "points_log" ("ID", "Project_ID", "Points_Date", "Object_ID", "Status", "Story_Count", "Points_Claimed") VALUES (3106,	1,	'2016-06-01 00:00:00',	1435225184,	'Todo',	1,	'5');

INSERT INTO "queries" ("ID", "Qseq", "Desc", "QSQL", "Qorder", "External") VALUES (1,	1,	'My Current Stories',	'story.Owner_ID={User}  and story.Status<>"Done"',	'order by Iteration_Rank',	1);
INSERT INTO "queries" ("ID", "Qseq", "Desc", "QSQL", "Qorder", "External") VALUES (2,	2,	'My ''Done'' Stories',	'story.Owner_ID={User}  and story.Status=''Done'' ',	'Order by Epic_Rank',	1);
INSERT INTO "queries" ("ID", "Qseq", "Desc", "QSQL", "Qorder", "External") VALUES (3,	3,	'All Work',	' 0 = (select count(*) from story as child where child.Parent_Story_ID=story.AID) ',	'order by story.Epic_Rank',	1);
INSERT INTO "queries" ("ID", "Qseq", "Desc", "QSQL", "Qorder", "External") VALUES (4,	4,	'All ''Done'' Work',	' story.Status=''Done'' and 0 = (select count(*) from story as child where child.Parent_Story_ID=story.AID) ',	'order by story.Epic_Rank',	1);
INSERT INTO "queries" ("ID", "Qseq", "Desc", "QSQL", "Qorder", "External") VALUES (5,	5,	'All Outstanding Work',	' story.Status<>''Done'' and 0 = (select count(*) from story as child where child.Parent_Story_ID=story.AID) ',	'order by story.Epic_Rank',	1);
INSERT INTO "queries" ("ID", "Qseq", "Desc", "QSQL", "Qorder", "External") VALUES (6,	6,	'Unsized Stories',	'story.Size=''?'' or story.Size is NULL or story.Size=''''',	'order by Iteration_Rank',	1);
INSERT INTO "queries" ("ID", "Qseq", "Desc", "QSQL", "Qorder", "External") VALUES (7,	7,	'Blocked Work',	' story.Blocked<>0 ',	'Order by Iteration_Rank',	1);
INSERT INTO "queries" ("ID", "Qseq", "Desc", "QSQL", "Qorder", "External") VALUES (8,	8,	'Epic Stories',	' 0 < (select count(*) from story as child where child.Parent_Story_ID=story.AID) ',	'order by story.Epic_Rank',	1);
INSERT INTO "queries" ("ID", "Qseq", "Desc", "QSQL", "Qorder", "External") VALUES (9,	9,	'Has Parent',	'Parent_Story_ID>0',	'order by story.Epic_Rank',	1);
INSERT INTO "queries" ("ID", "Qseq", "Desc", "QSQL", "Qorder", "External") VALUES (10,	10,	'NO Parent',	'Parent_Story_ID<1',	'order by story.Epic_Rank',	1);
INSERT INTO "queries" ("ID", "Qseq", "Desc", "QSQL", "Qorder", "External") VALUES (11,	11,	'Not in Release',	'(story.Release_ID is NULL or story.Release_ID=0) and 0 = (select count(*) from story as child where child.Parent_Story_ID=story.AID) ',	'Order by story.Status, story.Epic_Rank',	1);
INSERT INTO "queries" ("ID", "Qseq", "Desc", "QSQL", "Qorder", "External") VALUES (100,	100,	'Iteration Hrs',	'select  concat( initials," - " ,Friendly_Name) as User ,IF(Done=1,''Yes'',''No'') as Done , sum( Expected_Hours) as ''Est. hrs'', sum(Actual_Hours) as ''Act. hrs'' from Story left join iteration on story.Iteration_ID = Iteration.ID, Task  left JOIN user on task.User_ID = User.ID  where Story.Iteration_ID = {Iteration} and task.Story_AID = story.AID group by  User_ID, Done, Iteration_ID',	'',	2);
INSERT INTO "queries" ("ID", "Qseq", "Desc", "QSQL", "Qorder", "External") VALUES (101,	101,	'My Tasks',	'select concat( initials,\"\" - \"\" ,Friendly_Name) as User, story.ID as ''Story #'' ,task.Desc  as Task,IF(Done=0,''-'',IF(Done=1,''In Progress'',''Done'')) as Status,  Expected_Hours as ''Est. hrs'', Actual_Hours as ''Act. hrs'' from Story left join iteration on story.Iteration_ID = Iteration.ID, Task  left JOIN user on task.User_ID = User.ID  where Story.Iteration_ID = {Iteration} and User_ID = {User} and task.Story_AID = story.AID order by story.Iteration_Rank, story.ID, Done',	'',	2);
INSERT INTO "queries" ("ID", "Qseq", "Desc", "QSQL", "Qorder", "External") VALUES (102,	102,	'Iteration Tasks',	'select concat( initials,\" - \" ,Friendly_Name) as User, story.ID as ''Story #'' ,task.Desc  as Task,IF(Done=0,''-'',IF(Done=1,''In Progress'',''Done'')) as Status,  Expected_Hours as ''Est. hrs'', Actual_Hours as ''Act. hrs'' from Story left join iteration on story.Iteration_ID = Iteration.ID, Task  left JOIN user on task.User_ID = User.ID  where Story.Iteration_ID = {Iteration} and task.Story_AID = story.AID order by story.Iteration_Rank, story.ID, User_ID,  Done',	'',	2);
INSERT INTO "queries" ("ID", "Qseq", "Desc", "QSQL", "Qorder", "External") VALUES (103,	50,	'Project Progress',	'SELECT story.Type, story.Status, count(story.Type) as ''# Stories'', sum(story.Size) as ''# Points'' FROM story where story.Project_ID={Project} and ( 0 = (select count(*) from story as child where child.Parent_Story_ID=story.AID)) group by story.Type, story.Status',	'',	2);
INSERT INTO "queries" ("ID", "Qseq", "Desc", "QSQL", "Qorder", "External") VALUES (200,	500,	'Audit (recent 200)',	'SELECT * from audit order by ID desc limit 200',	'',	2);
INSERT INTO "queries" ("ID", "Qseq", "Desc", "QSQL", "Qorder", "External") VALUES (210,	510,	'Project Audit',	'SELECT * from audit where PID={Project} order by ID desc',	'',	2);
INSERT INTO "queries" ("ID", "Qseq", "Desc", "QSQL", "Qorder", "External") VALUES (220,	520,	'Org. Audit',	'SELECT * from audit where PID=0 order by ID desc',	'',	2);
INSERT INTO "queries" ("ID", "Qseq", "Desc", "QSQL", "Qorder", "External") VALUES (530,	530,	'Uploaded Files',	'select concat(''<a href=story_List.php?searchstring=%23'',story.ID,''&PID='',story.Project_ID,''&Type=search>#'',story.ID,''</a>'') as ''Story'', story.Summary as ''Summary'', upload.Desc as ''File'' , CONCAT(''<a href=upload/'',HEX(upload.Name),''.'',upload.Type,''>Link</a>'')as ''Link'' from story inner join `upload` on upload.AID=story.AID  where Story.project_ID=1 order by upload.Desc',	'',	2);

INSERT INTO "release_details" ("ID", "Locked", "Start", "End", "Name", "Points_Object_ID", "Comment_Object_ID") VALUES (3,	1,	'2013-09-01',	'2013-10-01',	'Release 1',	1823697149,	'0');


INSERT INTO "story" ("AID", "ID", "Project_ID", "Release_ID", "Iteration_ID", "Parent_Story_ID", "Type", "Created_By_ID", "Owner_ID", "Created_Date", "Status", "Children_Status", "Epic_Rank", "Iteration_Rank", "Size", "Blocked", "Summary", "Col_1", "As_A", "Col_2", "Acceptance", "Tags") VALUES (1,	1,	1,	3,	1,	'0',	'Feature',	NULL,	'0',	'0000-00-00 00:00:00',	NULL,	'Done,Todo',	40,	10,	'19',	'0',	'Export/Import',	'',	'',	'',	'',	'');
INSERT INTO "story" ("AID", "ID", "Project_ID", "Release_ID", "Iteration_ID", "Parent_Story_ID", "Type", "Created_By_ID", "Owner_ID", "Created_Date", "Status", "Children_Status", "Epic_Rank", "Iteration_Rank", "Size", "Blocked", "Summary", "Col_1", "As_A", "Col_2", "Acceptance", "Tags") VALUES (2,	2,	1,	3,	2,	27,	'Feature',	NULL,	1,	'0000-00-00 00:00:00',	'Done',	'Todo',	10,	10,	'1',	'0',	'support for multiple projects',	'',	'',	'',	'',	'');
INSERT INTO "story" ("AID", "ID", "Project_ID", "Release_ID", "Iteration_ID", "Parent_Story_ID", "Type", "Created_By_ID", "Owner_ID", "Created_Date", "Status", "Children_Status", "Epic_Rank", "Iteration_Rank", "Size", "Blocked", "Summary", "Col_1", "As_A", "Col_2", "Acceptance", "Tags") VALUES (3,	3,	1,	3,	'',	26,	'Feature',	NULL,	'',	'0000-00-00 00:00:00',	'Doing',	'',	20,	30,	'5',	NULL,	'Track backlog size for each available story status',	'&lt;p&gt;&amp;nbsp;&lt;/p&gt;',	'',	'',	'',	'test,A tag with spaces');
INSERT INTO "story" ("AID", "ID", "Project_ID", "Release_ID", "Iteration_ID", "Parent_Story_ID", "Type", "Created_By_ID", "Owner_ID", "Created_Date", "Status", "Children_Status", "Epic_Rank", "Iteration_Rank", "Size", "Blocked", "Summary", "Col_1", "As_A", "Col_2", "Acceptance", "Tags") VALUES (4,	4,	1,	NULL,	1,	26,	'Feature',	NULL,	'',	'0000-00-00 00:00:00',	NULL,	'Done',	100,	10,	'11',	NULL,	'Hiearchy of stories ',	'',	'',	'',	'',	'');
INSERT INTO "story" ("AID", "ID", "Project_ID", "Release_ID", "Iteration_ID", "Parent_Story_ID", "Type", "Created_By_ID", "Owner_ID", "Created_Date", "Status", "Children_Status", "Epic_Rank", "Iteration_Rank", "Size", "Blocked", "Summary", "Col_1", "As_A", "Col_2", "Acceptance", "Tags") VALUES (5,	5,	1,	3,	2,	26,	'Feature',	NULL,	'0',	'0000-00-00 00:00:00',	'Done',	'',	10,	20,	'1',	'0',	'Create and add stories onto  the product/project backlog or specific iteration',	'',	'',	'',	'',	'');
INSERT INTO "story" ("AID", "ID", "Project_ID", "Release_ID", "Iteration_ID", "Parent_Story_ID", "Type", "Created_By_ID", "Owner_ID", "Created_Date", "Status", "Children_Status", "Epic_Rank", "Iteration_Rank", "Size", "Blocked", "Summary", "Col_1", "As_A", "Col_2", "Acceptance", "Tags") VALUES (6,	6,	1,	3,	4,	26,	'Feature',	NULL,	1,	'0000-00-00 00:00:00',	'Done',	'',	70,	20,	'2',	'0',	'create iteration backlog from product backlog ',	'',	'',	'',	'',	'TEST');
INSERT INTO "story" ("AID", "ID", "Project_ID", "Release_ID", "Iteration_ID", "Parent_Story_ID", "Type", "Created_By_ID", "Owner_ID", "Created_Date", "Status", "Children_Status", "Epic_Rank", "Iteration_Rank", "Size", "Blocked", "Summary", "Col_1", "As_A", "Col_2", "Acceptance", "Tags") VALUES (7,	7,	1,	3,	'',	26,	'Feature',	NULL,	'',	'0000-00-00 00:00:00',	'Todo',	'',	80,	20,	'3',	NULL,	'The ability to search story content for words and terms ',	'including&lt;strong&gt; &lt;/strong&gt;wildcards and&amp;nbsp;',	'',	'',	'',	'');
INSERT INTO "story" ("AID", "ID", "Project_ID", "Release_ID", "Iteration_ID", "Parent_Story_ID", "Type", "Created_By_ID", "Owner_ID", "Created_Date", "Status", "Children_Status", "Epic_Rank", "Iteration_Rank", "Size", "Blocked", "Summary", "Col_1", "As_A", "Col_2", "Acceptance", "Tags") VALUES (8,	8,	1,	3,	2,	26,	'Feature',	NULL,	'0',	'0000-00-00 00:00:00',	'Done',	'',	50,	30,	'3',	'0',	'size / re-size stories',	'',	'',	'',	'',	'');
INSERT INTO "story" ("AID", "ID", "Project_ID", "Release_ID", "Iteration_ID", "Parent_Story_ID", "Type", "Created_By_ID", "Owner_ID", "Created_Date", "Status", "Children_Status", "Epic_Rank", "Iteration_Rank", "Size", "Blocked", "Summary", "Col_1", "As_A", "Col_2", "Acceptance", "Tags") VALUES (9,	9,	1,	'',	'',	1,	'Feature',	NULL,	'',	'0000-00-00 00:00:00',	'Done',	'',	40,	10,	'3',	NULL,	'Export search results',	'',	'',	'',	'',	'Test,tag2');
INSERT INTO "story" ("AID", "ID", "Project_ID", "Release_ID", "Iteration_ID", "Parent_Story_ID", "Type", "Created_By_ID", "Owner_ID", "Created_Date", "Status", "Children_Status", "Epic_Rank", "Iteration_Rank", "Size", "Blocked", "Summary", "Col_1", "As_A", "Col_2", "Acceptance", "Tags") VALUES (10,	10,	1,	3,	3,	26,	'Feature',	NULL,	'0',	'0000-00-00 00:00:00',	'Done',	'',	40,	30,	'5',	'0',	'Viewing stories',	'I can easily find, review and compare stories.<br />\r\nI need to be able to view all stories associated with a project in a variety of ways<br />\r\n* I can view all stories associated with a project on a single screen(i.e. I don&#39;t have to toggle between iterations and the backlog)<br />\r\n* I can search for stories by size, category, status or any keyword appearing in any text section.',	'Product Owner',	'',	'',	'');
INSERT INTO "story" ("AID", "ID", "Project_ID", "Release_ID", "Iteration_ID", "Parent_Story_ID", "Type", "Created_By_ID", "Owner_ID", "Created_Date", "Status", "Children_Status", "Epic_Rank", "Iteration_Rank", "Size", "Blocked", "Summary", "Col_1", "As_A", "Col_2", "Acceptance", "Tags") VALUES (11,	11,	1,	'',	'',	1,	'Feature',	NULL,	'',	'0000-00-00 00:00:00',	'Todo',	'',	10,	30,	'3',	NULL,	'Import Stories',	'',	'',	'',	'',	'');
INSERT INTO "story" ("AID", "ID", "Project_ID", "Release_ID", "Iteration_ID", "Parent_Story_ID", "Type", "Created_By_ID", "Owner_ID", "Created_Date", "Status", "Children_Status", "Epic_Rank", "Iteration_Rank", "Size", "Blocked", "Summary", "Col_1", "As_A", "Col_2", "Acceptance", "Tags") VALUES (12,	12,	1,	4,	5,	1,	'Feature',	NULL,	'',	'0000-00-00 00:00:00',	'Doing',	'',	20,	40,	'8',	NULL,	'Export Project',	'',	'',	'',	'',	'');
INSERT INTO "story" ("AID", "ID", "Project_ID", "Release_ID", "Iteration_ID", "Parent_Story_ID", "Type", "Created_By_ID", "Owner_ID", "Created_Date", "Status", "Children_Status", "Epic_Rank", "Iteration_Rank", "Size", "Blocked", "Summary", "Col_1", "As_A", "Col_2", "Acceptance", "Tags") VALUES (13,	13,	1,	4,	5,	1,	'Feature',	NULL,	'',	'0000-00-00 00:00:00',	'Todo',	'',	30,	50,	'5',	NULL,	'Export Iteration',	'',	'',	'',	'',	'');
INSERT INTO "story" ("AID", "ID", "Project_ID", "Release_ID", "Iteration_ID", "Parent_Story_ID", "Type", "Created_By_ID", "Owner_ID", "Created_Date", "Status", "Children_Status", "Epic_Rank", "Iteration_Rank", "Size", "Blocked", "Summary", "Col_1", "As_A", "Col_2", "Acceptance", "Tags") VALUES (14,	14,	1,	3,	4,	26,	'Chore',	NULL,	'0',	'0000-00-00 00:00:00',	'Done',	'',	60,	50,	'1',	'0',	'Track story status',	'support at least todo, doing &amp; done',	'',	'',	'',	'');
INSERT INTO "story" ("AID", "ID", "Project_ID", "Release_ID", "Iteration_ID", "Parent_Story_ID", "Type", "Created_By_ID", "Owner_ID", "Created_Date", "Status", "Children_Status", "Epic_Rank", "Iteration_Rank", "Size", "Blocked", "Summary", "Col_1", "As_A", "Col_2", "Acceptance", "Tags") VALUES (15,	15,	1,	'0',	3,	27,	'Feature',	NULL,	'0',	'0000-00-00 00:00:00',	'Done',	'',	20,	20,	'3',	'0',	'support for multiple teams',	'',	'',	'',	'',	'');
INSERT INTO "story" ("AID", "ID", "Project_ID", "Release_ID", "Iteration_ID", "Parent_Story_ID", "Type", "Created_By_ID", "Owner_ID", "Created_Date", "Status", "Children_Status", "Epic_Rank", "Iteration_Rank", "Size", "Blocked", "Summary", "Col_1", "As_A", "Col_2", "Acceptance", "Tags") VALUES (16,	16,	1,	3,	1,	'0',	'Feature',	NULL,	'0',	'0000-00-00 00:00:00',	NULL,	'Doing,Done,Todo',	110,	60,	'29',	'0',	'Track changes to a story (Who, When & What)',	'',	'',	'',	'',	'');
INSERT INTO "story" ("AID", "ID", "Project_ID", "Release_ID", "Iteration_ID", "Parent_Story_ID", "Type", "Created_By_ID", "Owner_ID", "Created_Date", "Status", "Children_Status", "Epic_Rank", "Iteration_Rank", "Size", "Blocked", "Summary", "Col_1", "As_A", "Col_2", "Acceptance", "Tags") VALUES (17,	17,	1,	3,	4,	4,	'Feature',	NULL,	'0',	'0000-00-00 00:00:00',	'Done',	'',	10,	70,	'5',	'0',	'Enable A Story hiearchy',	'I can create a hiearchy of stories and easily break down large features into managable pieces of work.<br />\r\nI Need: to be able to create a hiearchy of stories that can be individually ordered beneath their parent and allow these to be broken down further so that the development team can split then into managable pieces of work that can fit into an iteration wothout losing sight of the business value feature being worked on.<br />\r\n* The ability to size individual stories without children<br />\r\n* Parent Story size is calculated from child stories<br />\r\n* Parent Stories can not be worked on/included in the iteration backlog.<br />\r\n* Parent Story Status can not be edited and is derived from child story status.<br />\r\n* easily view/navigate to a parent from a child and visa versa',	'Product Owner',	'',	'',	'');
INSERT INTO "story" ("AID", "ID", "Project_ID", "Release_ID", "Iteration_ID", "Parent_Story_ID", "Type", "Created_By_ID", "Owner_ID", "Created_Date", "Status", "Children_Status", "Epic_Rank", "Iteration_Rank", "Size", "Blocked", "Summary", "Col_1", "As_A", "Col_2", "Acceptance", "Tags") VALUES (18,	18,	1,	'0',	1,	25,	'Feature',	NULL,	'0',	'0000-00-00 00:00:00',	'Todo',	'',	40,	70,	'0',	'0',	'Supportable Solution',	'in the event of failure FDB will get assistance in getting up and running again<br />\r\nProvide support for the solution',	'IT support analyst &amp; PMO',	'',	'',	'');
INSERT INTO "story" ("AID", "ID", "Project_ID", "Release_ID", "Iteration_ID", "Parent_Story_ID", "Type", "Created_By_ID", "Owner_ID", "Created_Date", "Status", "Children_Status", "Epic_Rank", "Iteration_Rank", "Size", "Blocked", "Summary", "Col_1", "As_A", "Col_2", "Acceptance", "Tags") VALUES (19,	19,	1,	3,	4,	4,	'Feature',	NULL,	'0',	'0000-00-00 00:00:00',	'Done',	'',	30,	80,	'5',	'0',	'I can break stories down into managable pieces of work (Tasks)',	'So That: I can break stories down into managable pieces of work<br />\r\nI Need: to be able to create tasks that are assigned to a story and indicate when they have been completed as well as who completed the work<br />\r\n* Tasks linked to stories<br />\r\n* Tasks include a status &#39;Done&#39; , &#39;Not Done&#39; or similar.<br />\r\n* Tasks to indicate who will do/has done the work',	'Scrum team member',	'',	'',	'');
INSERT INTO "story" ("AID", "ID", "Project_ID", "Release_ID", "Iteration_ID", "Parent_Story_ID", "Type", "Created_By_ID", "Owner_ID", "Created_Date", "Status", "Children_Status", "Epic_Rank", "Iteration_Rank", "Size", "Blocked", "Summary", "Col_1", "As_A", "Col_2", "Acceptance", "Tags") VALUES (20,	20,	1,	'0',	1,	25,	'Feature',	NULL,	'0',	'0000-00-00 00:00:00',	'Todo',	'',	20,	80,	'0',	'0',	'Access to backend information',	'We are able to report on all aspects of the project without having to define up front or pay for reports/dashboards to be developed.',	'ProdMgr/ProjMgr/PO/SM/Resource Manager/PMO/Exec',	'',	'',	'tag1,tag2,tag3');
INSERT INTO "story" ("AID", "ID", "Project_ID", "Release_ID", "Iteration_ID", "Parent_Story_ID", "Type", "Created_By_ID", "Owner_ID", "Created_Date", "Status", "Children_Status", "Epic_Rank", "Iteration_Rank", "Size", "Blocked", "Summary", "Col_1", "As_A", "Col_2", "Acceptance", "Tags") VALUES (21,	21,	1,	3,	3,	4,	'Feature',	NULL,	'',	'0000-00-00 00:00:00',	'Done',	'',	20,	10,	'1',	NULL,	'I can have a reasonable estimate of the work required to be completed.',	'I can have a reaonable estimate of the work required to be completed.&lt;br&gt;\r\nto be able to indicate the time spent/expected to be spent against a task&lt;br&gt;\r\n* able to indicate Time against an individual task&lt;br&gt;\r\n* able to extract and report on time spent against tasks',	'Scrum team member',	'',	'',	'');
INSERT INTO "story" ("AID", "ID", "Project_ID", "Release_ID", "Iteration_ID", "Parent_Story_ID", "Type", "Created_By_ID", "Owner_ID", "Created_Date", "Status", "Children_Status", "Epic_Rank", "Iteration_Rank", "Size", "Blocked", "Summary", "Col_1", "As_A", "Col_2", "Acceptance", "Tags") VALUES (22,	22,	1,	'0',	1,	25,	'Feature',	NULL,	'0',	'0000-00-00 00:00:00',	'Todo',	'',	60,	90,	'0',	'0',	'Provide secure solution',	'project information, which can be commercially sensitive, is kept secure<br />\r\nUse of SSL, back end security and whatever other measures required',	'exec/PMO',	'',	'',	'');
INSERT INTO "story" ("AID", "ID", "Project_ID", "Release_ID", "Iteration_ID", "Parent_Story_ID", "Type", "Created_By_ID", "Owner_ID", "Created_Date", "Status", "Children_Status", "Epic_Rank", "Iteration_Rank", "Size", "Blocked", "Summary", "Col_1", "As_A", "Col_2", "Acceptance", "Tags") VALUES (23,	23,	1,	'0',	1,	25,	'Feature',	NULL,	'0',	'0000-00-00 00:00:00',	'Todo',	'',	30,	100,	'1',	'0',	'The company can if so desired, host the tool on a local Database',	'The company can manage availability and data security, and are more protected against the risk of an external provider removing the service&lt;br&gt;\r\nAs the company become increasingly reliant on this tool, it is important that we at least have the option of hosting it on local hardware.&lt;br&gt;\r\nService is successfully deployed locally',	'Scrum Team',	'',	'',	'');
INSERT INTO "story" ("AID", "ID", "Project_ID", "Release_ID", "Iteration_ID", "Parent_Story_ID", "Type", "Created_By_ID", "Owner_ID", "Created_Date", "Status", "Children_Status", "Epic_Rank", "Iteration_Rank", "Size", "Blocked", "Summary", "Col_1", "As_A", "Col_2", "Acceptance", "Tags") VALUES (24,	24,	1,	'',	'',	25,	'Feature',	NULL,	'',	'0000-00-00 00:00:00',	'Todo',	'',	50,	10,	'0',	NULL,	'not too complicated!',	'&lt;p&gt;It can be used by all &lt;/p&gt;&lt;p&gt;staff and administrated by project&amp;nbsp;managers without specialist knowledge.&amp;nbsp; &#039;&lt;br&gt;do not want a solution that requires extensive or specialist understanding to administer or use&lt;/p&gt;',	'PMO',	'',	'',	'');
INSERT INTO "story" ("AID", "ID", "Project_ID", "Release_ID", "Iteration_ID", "Parent_Story_ID", "Type", "Created_By_ID", "Owner_ID", "Created_Date", "Status", "Children_Status", "Epic_Rank", "Iteration_Rank", "Size", "Blocked", "Summary", "Col_1", "As_A", "Col_2", "Acceptance", "Tags") VALUES (25,	25,	1,	3,	1,	'0',	'Feature',	NULL,	'0',	'0000-00-00 00:00:00',	NULL,	'Todo',	50,	11100,	'1',	'0',	'Non Functional Requirements',	'',	'',	'',	'',	'');
INSERT INTO "story" ("AID", "ID", "Project_ID", "Release_ID", "Iteration_ID", "Parent_Story_ID", "Type", "Created_By_ID", "Owner_ID", "Created_Date", "Status", "Children_Status", "Epic_Rank", "Iteration_Rank", "Size", "Blocked", "Summary", "Col_1", "As_A", "Col_2", "Acceptance", "Tags") VALUES (26,	26,	1,	NULL,	1,	'0',	'Feature',	NULL,	'',	'0000-00-00 00:00:00',	NULL,	'Done,Doing,Todo',	30,	11200,	'32',	NULL,	'Stories',	'',	'',	'',	'',	'');
INSERT INTO "story" ("AID", "ID", "Project_ID", "Release_ID", "Iteration_ID", "Parent_Story_ID", "Type", "Created_By_ID", "Owner_ID", "Created_Date", "Status", "Children_Status", "Epic_Rank", "Iteration_Rank", "Size", "Blocked", "Summary", "Col_1", "As_A", "Col_2", "Acceptance", "Tags") VALUES (27,	27,	1,	3,	1,	'0',	'Feature',	NULL,	'0',	'0000-00-00 00:00:00',	NULL,	'Done,Todo',	10,	11200,	'4',	'0',	'Projects',	'',	'',	'',	'',	'');
INSERT INTO "story" ("AID", "ID", "Project_ID", "Release_ID", "Iteration_ID", "Parent_Story_ID", "Type", "Created_By_ID", "Owner_ID", "Created_Date", "Status", "Children_Status", "Epic_Rank", "Iteration_Rank", "Size", "Blocked", "Summary", "Col_1", "As_A", "Col_2", "Acceptance", "Tags") VALUES (49,	28,	1,	'',	'',	26,	'Feature',	1,	'',	'2015-07-30 20:22:15',	'Todo',	NULL,	90,	9,	'1',	NULL,	'Upload',	'Uploads',	'',	'',	'',	'');

INSERT INTO "comment" ("ID", "Parent_ID", "User_Name", "Comment_Object_ID", "Story_AID", "Comment_TEXT", "Comment_Date") VALUES (1,	'0',	'Admin',	'0',	3,	'Probably an idea to use the Google graphs as everything is already there',	'2013-05-22 16:32:22');
INSERT INTO "comment" ("ID", "Parent_ID", "User_Name", "Comment_Object_ID", "Story_AID", "Comment_TEXT", "Comment_Date") VALUES (2,	'0',	'Admin',	'0',	3,	'The stacked area graph looks like the best fit here but it does need 2 dates before showing anything',	'2013-05-22 16:32:58');

INSERT INTO "tags" ("ID", "Project_ID", "Desc") VALUES (1,	1,	'test,A tag with spaces,TEST,Test,tag2,tag1,tag3,');

INSERT INTO "task" ("ID", "Story_AID", "User_ID", "Rank", "Desc", "Done", "Expected_Hours", "Actual_Hours", "Task_Date") VALUES (2,	3,	'0',	200,	'Add graph of points by date for each iteration (incl Backlog) and Project',	2,	6,	'0',	'2014-02-20 20:25:36');
INSERT INTO "task" ("ID", "Story_AID", "User_ID", "Rank", "Desc", "Done", "Expected_Hours", "Actual_Hours", "Task_Date") VALUES (73,	6,	'0',	300,	'An UnStarted task',	2,	'0',	'0',	'2015-04-11 14:15:05');
INSERT INTO "task" ("ID", "Story_AID", "User_ID", "Rank", "Desc", "Done", "Expected_Hours", "Actual_Hours", "Task_Date") VALUES (75,	6,	'0',	200,	'An In-Progress/Doing Task',	1,	'0',	'0',	'2014-02-20 09:47:02');
INSERT INTO "task" ("ID", "Story_AID", "User_ID", "Rank", "Desc", "Done", "Expected_Hours", "Actual_Hours", "Task_Date") VALUES (76,	6,	2,	100,	'A Done/Completed Task',	2,	'0',	'0',	'2014-02-20 20:29:29');
INSERT INTO "task" ("ID", "Story_AID", "User_ID", "Rank", "Desc", "Done", "Expected_Hours", "Actual_Hours", "Task_Date") VALUES (203,	3,	'0',	100,	'Database changes required to support points object',	2,	8,	'0',	'2014-02-20 20:16:00');

INSERT INTO "user" ("ID", "Initials", "Password", "Friendly_Name", "EMail", "Admin_User", "Disabled_User") VALUES (1,	'ADMI.',	'c3284d0f94606de1fd2af172aba15bf3',	'Admin (Do Not Delete)',	'admin',	1,	'0');
INSERT INTO "user" ("ID", "Initials", "Password", "Friendly_Name", "EMail", "Admin_User", "Disabled_User") VALUES (2,	'U2',	'48729969cc03868ec6be7b3589ff82e7',	'User2233',	'u2',	1,	'0');

INSERT INTO "user_project" ("Project_ID", "User_ID", "Readonly", "Project_Admin") VALUES (1,	1,	'0',	1);
